全局序号,试卷/章节,题型,题干,A,B,C,D,E,正确答案,解析
1,第一部分｜单选题,单选题,在虚构的“北辰档案规则”中，一级档案规定使用哪种标识？,白环,蓝环,金环,黑环,,B,
2,第一部分｜单选题,单选题,按照“北辰档案规则”，记录完成后应首先交给哪个岗位？,校对员,保管员,登记员,值班员,审核员,E,
3,第一部分｜单选题,单选题,虚构系统“Oria-7”的默认归档代码是哪一个？,O7-A,O7-C,R7-A,OA-7,,A,本测试题规定默认归档代码为 O7-A。该信息仅用于测试答案与解析的保留。
4,第一部分｜单选题,单选题,“南塔流程”中的第二阶段叫什么？,汇入,定位,合并,复核,,,
5,第二部分｜多选题,多选题,根据虚构的“Rhea 文件规范”，下列哪些属于允许的一级来源类型？,文本记录,图像记录,音频记录,临时缓存,纸质扫描件,ABE,
6,第二部分｜多选题,多选题,虚构的“Lumen 检查表”要求在提交前完成哪些操作？,核对编号,删除来源信息,检查题目顺序,补写未知答案,保存原始定位信息,ACE,
7,第二部分｜多选题,多选题,下列哪些代码属于“Kepler-B”测试组？,KB-1,KA-2,KB-3,KC-1,KB-5,ACE,
8,第二部分｜多选题,多选题,按照虚构的“Argo 分类规则”，哪些标签应该归入 Gamma 组？,G-11,G-17,G-23,G-29,,,
9,第三部分｜判断题,判断题,在虚构的“Nova 规则”中，每一个来源记录都必须保留来源编号。,,,,,,正确,
10,第三部分｜判断题,判断题,按照虚构的“Nova 规则”，缺失答案时必须由整理者自动补全答案。,,,,,,错误,
11,第三部分｜判断题,判断题,虚构的“Delta-3”流程要求所有记录必须按照字母顺序重新排序。,,,,,,,
12,第四部分｜格式与解析测试,单选题,在虚构的“Solace-4”系统中，最终确认代码是哪一个？,S4-X,S4-Z,S5-X,S5-Z,,B,"最终确认代码在本测试资料中人为规定为 S4-Z。
换行后的解析内容也应完整保留。"
